{
  "summary": {
    "one_step": {
      "flow": {
        "l2": {
          "mean": 0.028389052698912565,
          "median": 0.024824333377182484,
          "std": 0.012780760559795424,
          "count": 128
        }
      },
      "velocity": {
        "l2": {
          "mean": 0.029218927040346898,
          "median": 0.02549187932163477,
          "std": 0.013177909252931896,
          "count": 128
        }
      },
      "velocity_pd": {
        "l2": {
          "mean": 0.0349388465838274,
          "median": 0.03165005333721638,
          "std": 0.01312960979400238,
          "count": 128
        }
      }
    },
    "rollout": {
      "flow": {
        "l2": {
          "mean": 0.18530103587847832,
          "median": 0.1616705060005188,
          "std": 0.12472173744062275,
          "count": 1386
        }
      },
      "velocity": {
        "l2": {
          "mean": 0.17193606937529915,
          "median": 0.1518051102757454,
          "std": 0.1104508863746995,
          "count": 1386
        }
      },
      "velocity_pd": {
        "l2": {
          "mean": 0.20367762806703044,
          "median": 0.17779132723808289,
          "std": 0.13337739647734811,
          "count": 1386
        }
      }
    }
  },
  "config": {
    "common": {
      "device": "cuda",
      "seed": 42,
      "batch_size": 32,
      "samples": 99
    },
    "models": [
      "velocity_pd",
      "flow",
      "velocity"
    ],
    "viz": {
      "enabled": true,
      "n_samples": 3,
      "channels": [
        0,
        1
      ],
      "colorbar": true,
      "rollout_steps": 5
    },
    "one_step": {
      "steps": {
        "velocity": 50,
        "flow": 1,
        "velocity_pd": 25
      },
      "method": {
        "velocity": "midpoint",
        "velocity_pd": "midpoint"
      }
    },
    "rollout": {
      "length": 14,
      "latent_policy": "new_latent",
      "steps": {
        "velocity": 50,
        "flow": 1,
        "velocity_pd": 25
      },
      "method": {
        "velocity": "midpoint",
        "velocity_pd": "midpoint"
      },
      "use_sequence_gt_for_metrics": true
    },
    "metrics": {
      "enabled": [
        "l2"
      ],
      "params": {
        "sob": {
          "alpha": 1.0,
          "beta": 0.0
        }
      },
      "use_denormalized": false
    },
    "artifacts": {
      "pdf": {
        "filename": "eval_report.pdf",
        "dpi": 150,
        "max_figs_per_model": 6,
        "include_rollout_curves": true
      },
      "save_csv": true,
      "save_json": true
    },
    "experiment": "ns2d"
  }
}